<?xml version="1.0" encoding="UTF-8" standalone="yes"?>
<addon id="plugin.program.gbtwizard" name="[COLOR dodgerblue]GBTech[/COLOR] Wizard" version="0.1.6" provider-name="GaiaBuildsTech">
  <requires>
    <import addon="xbmc.python" version="2.1.0"/>
  </requires>
  <extension point="xbmc.python.pluginsource" library="default.py">
    <provides>executable</provides>
  </extension>
  <extension point="xbmc.service" library="startup.py" start="startup" />
  <extension point="xbmc.addon.metadata">
    <summary lang="en">GBTech Wizard</summary>
    <description lang="en">GBTech Wizard permite-lhe ter acesso às últimas Builds Kodi/Spmc da GBTech.</description>
    <platform>all</platform>
  </extension>
</addon>